total_reviews,negative_count,neutral_count,positive_count,negative_pct,neutral_pct,positive_pct,avg_score
1019,110,14,895,10.794896957801766,1.3738959764474974,87.83120706575073,4.539744847890089
